{"cameraMode":{"drawMode":0,"name":"Shaded","section":"Shading Mode"},"sceneLighting":false,"audioPlay":false,"sceneViewState":{"m_AlwaysRefresh":false,"showFog":true,"showSkybox":false,"showFlares":true,"showImageEffects":true,"showParticleSystems":true,"showVisualEffectGraphs":true,"m_FxEnabled":true},"in2DMode":false,"pivot":{"x":5.564247131347656,"y":23.074024200439454,"z":14.251615524291993},"rotation":{"x":0.09283264726400376,"y":-0.34159162640571597,"z":0.033928729593753818,"w":0.9346394538879395},"size":1.0837459564208985,"orthographic":false}