{"cameraMode":{"drawMode":0,"name":"Shaded","section":"Shading Mode"},"sceneLighting":false,"audioPlay":false,"sceneViewState":{"m_AlwaysRefresh":false,"showFog":true,"showSkybox":false,"showFlares":true,"showImageEffects":true,"showParticleSystems":true,"showVisualEffectGraphs":true,"m_FxEnabled":true},"in2DMode":false,"pivot":{"x":0.60999995470047,"y":3.8449997901916506,"z":-0.004999995231628418},"rotation":{"x":0.059146806597709659,"y":-0.08524494618177414,"z":0.005063415039330721,"w":0.9945938587188721},"size":1.2656420469284058,"orthographic":true}