{"cameraMode":{"drawMode":0,"name":"Shaded","section":"Shading Mode"},"sceneLighting":false,"audioPlay":false,"sceneViewState":{"m_AlwaysRefresh":false,"showFog":true,"showSkybox":false,"showFlares":true,"showImageEffects":true,"showParticleSystems":true,"showVisualEffectGraphs":true,"m_FxEnabled":true},"in2DMode":false,"pivot":{"x":0.60999995470047,"y":3.8449997901916506,"z":-0.004999995231628418},"rotation":{"x":0.12332450598478317,"y":-0.06396085023880005,"z":0.007966353558003903,"w":0.9902738332748413},"size":1.2656420469284058,"orthographic":true}