{"cameraMode":{"drawMode":0,"name":"Shaded","section":"Shading Mode"},"sceneLighting":true,"audioPlay":false,"sceneViewState":{"m_AlwaysRefresh":false,"showFog":true,"showSkybox":true,"showFlares":true,"showImageEffects":true,"showParticleSystems":true,"showVisualEffectGraphs":true,"m_FxEnabled":true},"in2DMode":false,"pivot":{"x":-8.256885528564454,"y":1.0183486938476563,"z":0.27594316005706789},"rotation":{"x":-0.15198352932929994,"y":0.6599196791648865,"z":-0.13880211114883424,"w":-0.7225936651229858},"size":10.876068115234375,"orthographic":false}