{"cameraMode":{"drawMode":0,"name":"Shaded","section":"Shading Mode"},"sceneLighting":false,"audioPlay":false,"sceneViewState":{"m_AlwaysRefresh":false,"showFog":true,"showSkybox":false,"showFlares":true,"showImageEffects":true,"showParticleSystems":true,"showVisualEffectGraphs":true,"m_FxEnabled":true},"in2DMode":false,"pivot":{"x":0.08047717809677124,"y":0.35711973905563357,"z":-0.06394100189208985},"rotation":{"x":-0.0017075788928195835,"y":-0.9976356029510498,"z":-0.026942603290081025,"w":0.06323084980249405},"size":2.7708287239074709,"orthographic":false}