{"cameraMode":{"drawMode":0,"name":"Shaded","section":"Shading Mode"},"sceneLighting":true,"audioPlay":false,"sceneViewState":{"m_AlwaysRefresh":false,"showFog":true,"showSkybox":true,"showFlares":true,"showImageEffects":true,"showParticleSystems":true,"showVisualEffectGraphs":true,"m_FxEnabled":true},"in2DMode":false,"pivot":{"x":-0.9888863563537598,"y":11.549384117126465,"z":-0.33016014099121096},"rotation":{"x":-0.07887333631515503,"y":-0.11636456102132797,"z":-0.009270538575947285,"w":0.9900262355804443},"size":13.885650634765625,"orthographic":false}