{"cameraMode":{"drawMode":0,"name":"Shaded","section":"Shading Mode"},"sceneLighting":true,"audioPlay":false,"sceneViewState":{"m_AlwaysRefresh":false,"showFog":true,"showSkybox":true,"showFlares":true,"showImageEffects":true,"showParticleSystems":true,"showVisualEffectGraphs":true,"m_FxEnabled":true},"in2DMode":false,"pivot":{"x":3.081982374191284,"y":40.89760971069336,"z":9.384224891662598},"rotation":{"x":-0.05545445904135704,"y":-0.02485702931880951,"z":-0.0013809915399178863,"w":0.9981529712677002},"size":5.813776969909668,"orthographic":false}