{"cameraMode":{"drawMode":0,"name":"Shaded","section":"Shading Mode"},"sceneLighting":true,"audioPlay":false,"sceneViewState":{"m_AlwaysRefresh":false,"showFog":true,"showSkybox":true,"showFlares":true,"showImageEffects":true,"showParticleSystems":true,"showVisualEffectGraphs":true,"m_FxEnabled":true},"in2DMode":false,"pivot":{"x":0.14578291773796082,"y":25.495763778686525,"z":10.956245422363282},"rotation":{"x":-0.05545445904135704,"y":-0.02485702931880951,"z":-0.0013809915399178863,"w":0.9981529712677002},"size":14.103266716003418,"orthographic":false}