{"cameraMode":{"drawMode":0,"name":"Shaded","section":"Shading Mode"},"sceneLighting":true,"audioPlay":false,"sceneViewState":{"m_AlwaysRefresh":false,"showFog":true,"showSkybox":true,"showFlares":true,"showImageEffects":true,"showParticleSystems":true,"showVisualEffectGraphs":true,"m_FxEnabled":true},"in2DMode":false,"pivot":{"x":0.15098631381988526,"y":14.248795509338379,"z":11.951906204223633},"rotation":{"x":0.01795768551528454,"y":0.0677332729101181,"z":0.001219324767589569,"w":-0.997541069984436},"size":10.75391960144043,"orthographic":false}