{"cameraMode":{"drawMode":0,"name":"Shaded","section":"Shading Mode"},"sceneLighting":true,"audioPlay":false,"sceneViewState":{"m_AlwaysRefresh":false,"showFog":true,"showSkybox":true,"showFlares":true,"showImageEffects":true,"showParticleSystems":true,"showVisualEffectGraphs":true,"m_FxEnabled":true},"in2DMode":false,"pivot":{"x":1.1368470191955567,"y":4.1052021980285648,"z":23.37668800354004},"rotation":{"x":0.020998196676373483,"y":0.00510112289339304,"z":-0.00010714269592426717,"w":0.9997683167457581},"size":12.43049430847168,"orthographic":false}